RK,Team,CONF,G,W,ADJOE,ADJDE,BARTHAG,EFG_O,EFG_D,TOR
1,Houston,B12,34,30,124.8,88,0.9823,52.7,44.9,14.6
2,Duke,ACC,34,31,128.5,91.3,0.9807,57.4,44.5,14.4
3,Auburn,SEC,33,28,129,93.7,0.9756,55.7,46,13.4
4,Florida,SEC,34,30,127.7,94,0.9713,55,45.3,15
5,Alabama,SEC,33,25,127.6,96.4,0.9621,56.3,47.9,16.7
6,Tennessee,SEC,34,27,119.3,91.1,0.957,52.8,44.4,16
7,Texas Tech,B12,33,25,126,96.7,0.9546,55.5,48,14.8
8,Iowa St.,B12,33,24,118.9,92.3,0.9481,54.6,48.4,16.9
9,Arizona,B12,34,22,123.9,96.5,0.9469,52.9,48.6,16.2
10,Maryland,B10,33,25,117.8,92,0.9449,53.8,47,14.5
11,Gonzaga,WCC,33,25,123.3,96.4,0.9441,55.7,47.5,13.2
12,Wisconsin,B10,35,26,122.4,96.1,0.9418,53.6,47.9,14.1
13,Michigan St.,B10,33,27,116.8,91.8,0.941,51.2,46.1,16.6
14,BYU,B12,33,24,125.4,99.1,0.9377,57.2,50.6,17.6
15,St. John's,BE,34,30,112.6,89.1,0.9364,49.7,46.6,15.6
16,Missouri,SEC,33,22,127,100,0.9344,56.2,50.7,15.2
17,Kentucky,SEC,33,22,123.9,98.7,0.9315,56,50.4,15.2
18,Purdue,B10,33,22,125,100,0.9289,56.3,52,15.6
19,Louisville,ACC,34,27,118.3,94.7,0.9288,53.4,49.2,16.5
20,Kansas,B12,33,21,116.1,93,0.9274,53.1,46.2,16.7
21,Clemson,ACC,33,27,118.3,94.8,0.9272,53.6,48.9,15.7
22,Texas A&M,SEC,32,22,115.7,93.1,0.9237,47.5,48.2,18.2
23,Illinois,B10,33,21,122.2,98.5,0.9228,52.3,47.3,15.8
24,Saint Mary's,WCC,33,28,115,92.8,0.9217,50.9,46.2,15.1
25,UCLA,B10,32,22,117.9,95.3,0.9205,53,50.5,15.9
26,Michigan,B10,34,25,115.1,94.4,0.9072,54.5,46.3,19.8
27,Baylor,B12,33,19,120.5,99.3,0.9027,51.5,51.2,16.1
28,Mississippi,SEC,33,22,117.4,96.9,0.9003,51.1,50.5,12.8
29,VCU,A10,34,28,116.2,96,0.9002,52.4,44.4,16.8
30,Georgia,SEC,32,20,115.9,95.8,0.8999,52.5,47.2,18.8
31,Marquette,BE,33,23,116.7,96.5,0.8983,52,49.9,13.5
32,Mississippi St.,SEC,33,21,118.3,98.8,0.8888,51.7,51.9,15.1
33,Creighton,BE,34,24,117.3,98.2,0.8852,55.8,47,18.1
34,West Virginia,B12,32,19,110.1,92.3,0.8836,50,46.3,16.2
35,Connecticut,BE,33,23,121.6,102,0.8829,55.5,48.3,17.1
36,North Carolina,ACC,35,22,118.8,99.8,0.8814,54.2,49.6,15.1
37,Xavier,BE,32,21,116.3,97.8,0.8797,53.9,50.6,16
38,Colorado St.,MWC,34,25,116.9,98.6,0.8761,55.8,48.5,17.4
39,Oregon,B10,33,24,115.1,97.3,0.8744,52.2,49.1,16.2
40,New Mexico,MWC,33,26,111.7,94.9,0.8673,50.8,49.2,15.6
41,Ohio St.,B10,32,17,116.8,99.5,0.8632,53.5,48.6,15.6
42,Vanderbilt,SEC,32,20,118.6,101.2,0.8621,51.7,52.9,14.7
43,Arkansas,SEC,33,20,111.9,95.4,0.8616,52.7,48.3,16.5
44,Cincinnati,B12,33,18,111.6,95.3,0.859,50.9,48.6,15.5
45,UC San Diego,BW,34,30,113.5,97,0.8589,55.4,47.7,13.4
46,Oklahoma,SEC,33,20,117.7,100.9,0.8549,54.9,51.1,17.3
47,SMU,ACC,33,23,116.8,100.3,0.8529,54.7,47.8,17.4
48,Utah St.,MWC,33,26,122.6,105.2,0.8528,56,51.8,16
49,Texas,SEC,34,19,116.7,100.2,0.8524,52.5,48.4,14.3
50,Boise St.,MWC,34,24,115.4,99.1,0.8519,52.1,49.6,16.9
51,Santa Clara,WCC,32,20,115.7,99.7,0.8469,55.5,49.5,17
52,Villanova,BE,33,19,118.6,102.5,0.8431,54.9,51.1,15.6
53,San Diego St.,MWC,30,21,108.9,94.3,0.8388,50.6,45.3,16.8
54,Northwestern,B10,33,17,113.3,98.1,0.8387,49.8,49.9,14.9
55,Indiana,B10,32,19,112.4,97.8,0.8317,51.1,49.8,16.7
56,Liberty,CUSA,34,28,112.8,98.2,0.8308,58.4,45.9,15.3
57,Kansas St.,B12,33,16,109.8,95.9,0.8249,50.6,49,17.7
58,Drake,MVC,33,30,112.5,98.5,0.8229,53.8,51.7,18.6
59,USC,B10,33,16,116.8,102.8,0.8142,54.6,52.4,17.8
60,Memphis,Amer,34,29,111.7,98.7,0.8059,53.6,48.5,19.2
61,San Francisco,WCC,33,24,111,98.1,0.8048,53,48.7,17
62,Nebraska,B10,31,17,111.9,99.2,0.7987,51.5,50.9,16.2
63,McNeese St.,Slnd,33,27,113.4,100.7,0.7962,53.3,47.5,16.2
64,Penn St.,B10,31,16,113.6,100.9,0.7956,54.1,51.9,17.4
65,Arizona St.,B12,32,13,113.2,100.8,0.7915,51.4,50.5,17.5
66,Iowa,B10,33,17,119.4,106.6,0.7877,56.8,54.4,13.7
67,Utah,B12,32,16,112.5,100.5,0.7866,51.7,48.7,18.1
68,Rutgers,B10,32,15,115.7,103.7,0.7783,50.6,52.8,15.4
69,UCF,B12,33,17,115.5,103.6,0.7767,49.4,51.1,17.2
70,Wake Forest,ACC,32,21,107.9,97.1,0.7722,49.4,47.2,16.7
71,George Mason,A10,34,26,105.7,95.1,0.7721,51.5,45,20
72,Pittsburgh,ACC,32,17,113.9,102.7,0.7664,52.2,51.1,14.8
73,North Texas,Amer,32,24,109.2,98.7,0.7627,51.6,46.8,17
74,TCU,B12,32,16,106.3,96.1,0.7608,46.8,50.9,17.3
75,Stanford,ACC,33,20,112.3,101.6,0.7595,50.4,50.6,15.8
76,South Carolina,SEC,32,12,109.8,99.4,0.7579,48.9,51.5,18.4
77,Butler,BE,33,14,116,105.3,0.754,53,49.4,16.4
78,Dayton,A10,32,22,114.7,104.3,0.7471,52.6,50.4,15.5
79,Yale,Ivy,29,22,113.9,103.7,0.7461,54.8,48.8,14.4
80,UC Irvine,BW,34,28,106.4,96.9,0.7446,51.6,46.2,18.3
81,Colorado,B12,34,14,108.5,98.9,0.7426,50.6,49.5,21
82,Saint Joseph's,A10,34,22,110.7,101.1,0.7393,52.1,47.1,16.6
83,Grand Canyon,WAC,33,26,108.5,99.5,0.7316,51.2,47,18.4
84,LSU,SEC,32,14,108.5,99.6,0.7284,51.1,48.3,18.6
85,High Point,BSth,34,29,117.7,108.1,0.7262,56.4,49.1,15.3
86,Minnesota,B10,32,15,109.9,101.5,0.7148,49.9,50.1,16.6
87,Oklahoma St.,B12,32,15,107.8,99.6,0.7137,48.3,53.5,19.1
88,Nevada,MWC,33,17,112.1,103.8,0.7075,53.7,51.3,15.5
89,UNLV,MWC,33,18,106.9,99.2,0.7024,49.7,49.3,16.2
90,Georgia Tech,ACC,33,17,107.4,99.8,0.6993,50.4,48.8,17.4
91,Oregon St.,WCC,32,20,116,108,0.695,54.6,51.1,16.6
92,St. Bonaventure,A10,33,22,106.5,99.2,0.6927,50.2,49.7,16
93,Florida St.,ACC,32,17,107.8,100.5,0.6917,50.7,48.5,17.4
94,Georgetown,BE,32,17,107.1,99.9,0.69,50.4,49.4,17.1
95,Arkansas St.,SB,34,24,109.7,102.5,0.685,49.3,45.7,15
96,Virginia,ACC,32,15,111.6,104.5,0.6819,52.7,50.8,16.4
97,Notre Dame,ACC,33,15,110.6,103.6,0.6777,51.7,51.4,16.5
98,Loyola Chicago,A10,33,22,107.8,101.1,0.6765,52.6,49,17.6
99,Bradley,MVC,34,26,111,104.2,0.6751,56.8,47.9,17.3
100,Akron,MAC,34,28,113.7,106.8,0.6717,55.4,49.5,16.6
101,Lipscomb,ASun,34,25,110.7,104,0.6716,55.9,48.6,14.4
102,UAB,Amer,34,22,117.2,110.2,0.6711,50.7,51.6,13.9
103,Troy,SB,33,23,106.7,100.6,0.6613,50.1,47.2,19.9
104,Providence,BE,32,12,111.2,105,0.6583,52.1,49.5,19
105,New Mexico St.,CUSA,32,17,104.7,99,0.6556,46.2,46.9,15.6
106,Washington St.,WCC,33,19,112.7,106.7,0.6527,56.7,51.3,20.4
107,Syracuse,ACC,33,14,110.9,105.2,0.6485,51,52.9,17.9
108,Saint Louis,A10,33,19,108.8,103.5,0.6406,56.3,48.6,18.6
109,UNC Wilmington,CAA,34,27,112.2,106.8,0.639,52.2,50.9,16
110,Utah Valley,WAC,33,25,107,101.8,0.6378,50.8,47.4,17.3
111,Florida Atlantic,Amer,33,18,112.2,106.8,0.6377,53.2,49.6,16.3
112,DePaul,BE,33,14,109.3,104.1,0.6372,52.7,51.4,17.9
113,North Alabama,ASun,34,24,112,106.7,0.6371,51.7,50.5,12.5
114,St. Thomas,Sum,34,24,114.1,108.8,0.634,57.8,52.5,13.7
115,N.C. State,ACC,31,12,107.7,102.7,0.6331,48.3,51,14.4
116,George Washington,A10,33,21,107.6,102.7,0.632,50.6,48.4,18.2
117,Northern Iowa,MVC,32,20,108.6,103.7,0.6291,55.5,51.5,15.9
118,Washington,B10,31,13,109.2,104.5,0.626,50.6,53,17.5
119,Northern Colorado,BSky,34,25,111.8,106.9,0.6258,57.3,52.1,15.7
120,Middle Tennessee,CUSA,33,22,108.5,103.8,0.6233,50.8,48.5,16.6
121,California,ACC,33,14,110,105.7,0.6142,47.8,53,16.6
122,North Dakota St.,Sum,32,21,115.5,111.2,0.6085,58.2,51.4,15.6
123,Duquesne,A10,32,13,106.4,102.7,0.6006,50,50.2,18.3
124,Kennesaw St.,CUSA,33,19,107.1,103.4,0.5995,49.3,48.3,19.7
125,Cornell,Ivy,29,18,114.7,110.8,0.5967,58.7,52.2,16.8
126,Nebraska Omaha,Sum,34,22,112.2,108.4,0.5964,53.5,53.1,15.7
127,Kent St.,MAC,33,22,105.5,102.1,0.5944,48.7,48.4,17.3
128,Cal St. Northridge,BW,32,22,107.7,104.4,0.5896,51.8,49.9,18.9
129,South Dakota St.,Sum,32,20,109.7,106.4,0.5869,53.6,50.9,17.6
130,Belmont,MVC,33,22,111.9,108.5,0.5868,54.8,53.7,15.9
131,Illinois St.,MVC,33,19,112.1,108.8,0.5829,56,53.8,15.8
132,Jacksonville St.,CUSA,34,22,108,105.1,0.5782,49.6,49.4,15.7
133,Montana,BSky,34,25,112,109,0.5779,56.4,52.2,16.2
134,Louisiana Tech,CUSA,32,20,107.7,105,0.5728,52.5,47.8,18.9
135,Chattanooga,SC,33,24,114,111.2,0.5725,56.5,51.2,15.4
136,South Alabama,SB,32,21,106.1,103.6,0.5684,50.8,48.5,14.6
137,Samford,SC,32,22,110.4,108,0.5635,54.6,53.2,18.3
138,Tulane,Amer,33,19,108.4,106.1,0.5603,52.1,48.4,15.9
139,Seattle,WAC,32,14,103,101,0.5584,46.5,51.2,17
140,Wichita St.,Amer,33,19,105.8,103.7,0.5582,48.7,49.9,16.4
141,Furman,SC,34,25,109.2,107.3,0.5515,53.6,49.2,17
142,Davidson,A10,33,17,109.3,107.4,0.5513,52.4,52.3,14.6
143,UTEP,CUSA,33,18,105.8,104,0.5501,49.3,52.4,16.6
144,Virginia Tech,ACC,32,13,106.5,104.7,0.5493,51.2,52.3,20.1
145,Wofford,SC,34,19,111.5,109.7,0.5466,53.3,51.8,16.9
146,Miami OH,MAC,34,25,107.8,106.4,0.5364,55.4,51.3,17.4
147,UC Santa Barbara,BW,34,21,108.7,107.3,0.5353,54.6,48.9,18.2
148,Loyola Marymount,WCC,32,17,104.2,103.1,0.53,50.2,48.5,15.2
149,Robert Morris,Horz,34,26,105.9,105,0.5238,51.3,50.3,18.5
150,Texas A&M Corpus Chris,Slnd,34,20,105.8,105,0.5237,52.8,49.9,17.8
151,UC Riverside,BW,33,21,109.9,109,0.5225,49.5,51.4,15.8
152,San Jose St.,MWC,34,15,106.9,106.1,0.522,50.6,51.9,17.4
153,Bryant,AE,34,23,105.8,105.3,0.5112,51,47.7,16.5
154,Radford,BSth,33,20,109.8,109.3,0.5108,51.1,51,17.7
155,Sam Houston St.,CUSA,32,13,110.3,109.9,0.5102,51,53.1,18.3
156,Cal Baptist,WAC,32,17,105,104.6,0.5098,48.3,50.1,17.7
157,Temple,Amer,32,17,110.5,110.4,0.5026,49.9,50.6,15.7
158,James Madison,SB,32,20,110,110,0.5013,50.7,50.9,15.8
159,Western Kentucky,CUSA,32,17,103.1,103.1,0.501,47.9,47.4,15.5
160,Rhode Island,A10,31,18,107.6,107.7,0.4973,52.8,49.3,17.9
161,Charleston,CAA,33,24,105.2,105.3,0.4969,52.4,50.1,16.2
162,Murray St.,MVC,33,16,104.7,104.9,0.4957,49.3,51.2,16.9
163,Milwaukee,Horz,32,21,106,106.3,0.4931,51.4,51.5,19.4
164,Appalachian St.,SB,31,17,100.5,100.9,0.4885,49.6,46.1,16.9
165,Florida Gulf Coast,ASun,32,18,107.4,108.1,0.4831,53.9,50.5,16.2
166,East Tennessee St.,SC,32,19,104.8,105.5,0.4824,50.3,50.3,16.1
167,Towson,CAA,33,22,106,106.8,0.4801,47.9,50.8,14.5
168,Nicholls St.,Slnd,33,20,105.5,106.2,0.4801,48.1,48.1,15.3
169,Winthrop,BSth,34,23,107.4,108.2,0.4781,53.3,51.4,17.7
170,UNC Greensboro,SC,32,20,105.4,106.2,0.478,50.7,47.8,15.3
171,Marshall,SB,33,20,105.6,106.6,0.4739,49.9,49.3,16.5
172,Boston College,ACC,31,12,105.2,106.2,0.4713,48.9,51.9,17.3
173,Cleveland St.,Horz,33,21,102.6,103.6,0.47,49.3,50.6,18.3
174,Lamar,Slnd,33,20,101.2,102.3,0.4695,47.2,47.6,19
175,Purdue Fort Wayne,Horz,32,19,107.5,108.8,0.4643,54.7,53.3,13.8
176,Dartmouth,Ivy,28,14,100.5,101.8,0.4627,50.3,49.1,16.2
177,Eastern Kentucky,ASun,32,18,109.4,110.8,0.4619,49.7,52.6,13.8
178,Cal Poly,BW,35,16,108.9,110.5,0.4585,55.2,53.2,20.7
179,Rice,Amer,32,13,106.3,107.9,0.4579,48.6,47.8,17.8
180,Southern Illinois,MVC,33,14,106.1,107.7,0.4572,51.6,52.6,18.3
181,UTSA,Amer,31,12,107,108.8,0.4507,49.7,53.3,15.7
182,East Carolina,Amer,33,19,106.3,108.2,0.449,48.4,51.7,15.6
183,Portland St.,BSky,32,19,100.8,102.7,0.4483,50.5,50,18.4
184,Miami FL,ACC,31,7,112.5,114.6,0.4479,51.9,57.4,16
185,Drexel,CAA,33,18,103.6,105.6,0.4473,52.2,47.8,18.6
186,Ohio,MAC,32,16,106.4,108.4,0.4473,53.4,52.3,14.9
187,Montana St.,BSky,33,15,104.7,106.7,0.4462,52.8,48.8,15.1
188,South Carolina St.,MEAC,33,20,102.4,104.4,0.4449,50.8,50.1,19.9
189,Wyoming,MWC,32,12,103.1,105.2,0.443,50.3,51,19.9
190,Jacksonville,ASun,32,19,101.2,103.6,0.4346,50.1,50.7,19.3
191,Illinois Chicago,MVC,32,18,105.4,107.9,0.4336,51.1,51.6,17.5
192,Queens,ASun,33,19,105.9,108.5,0.432,52.3,51.7,18
193,Oakland,Horz,34,16,106.3,108.9,0.431,50.1,51.4,18
194,Central Connecticut,NEC,32,25,99,101.5,0.4277,52.2,47.7,17.2
195,Norfolk St.,MEAC,34,24,106.2,109,0.4254,52.4,49.7,18.3
196,Northeastern,CAA,32,17,103.9,106.9,0.418,51.1,50.3,18.6
197,Southeast Missouri St.,OVC,33,21,101.5,104.5,0.4175,51.3,47.6,15.4
198,Pepperdine,WCC,35,13,106.3,109.5,0.4163,49.6,52.5,16.1
199,Merrimack,MAAC,33,18,98.3,101.3,0.4163,49.4,46.9,13.8
200,Abilene Christian,WAC,32,16,98,101,0.4146,46.7,51.4,20.7
201,Brown,Ivy,27,14,102.4,105.6,0.4117,51.1,49.3,17.1
202,South Florida,Amer,32,13,102.3,105.5,0.411,49.7,49.7,16.2
203,Indiana St.,MVC,32,14,108.3,112.1,0.4017,54.6,54.3,19.5
204,Hampton,CAA,33,17,103.3,107,0.3979,47.5,52.6,16
205,Idaho St.,BSky,30,15,105.8,109.8,0.3965,47.8,54.1,16.3
206,Princeton,Ivy,30,19,103.2,107.1,0.3955,51.5,53.4,15.2
207,Missouri St.,MVC,32,9,101.7,105.6,0.3947,50.9,54.7,20.7
208,Southeastern Louisiana,Slnd,32,18,104.1,108.1,0.3932,49.2,51.4,17.4
209,La Salle,A10,33,14,103.3,107.3,0.3921,46.1,52.6,15.5
210,Texas St.,SB,32,16,108.1,112.4,0.3899,50.7,49.9,18.1
211,Quinnipiac,MAAC,33,20,101.8,105.9,0.3899,48.4,49.5,17.9
212,Massachusetts,A10,32,12,101.6,105.7,0.3891,45.1,49.8,16.1
213,Youngstown St.,Horz,34,21,102.3,106.4,0.3879,49.8,48.8,17.6
214,Bucknell,Pat,33,18,103.4,107.7,0.3856,53.8,50.3,18.6
215,Southern,SWAC,32,20,98.5,102.7,0.3836,47.2,49.2,18.5
216,Fordham,A10,33,12,106.3,110.9,0.381,48.6,52.8,18.4
217,Seton Hall,BE,32,7,97.5,101.7,0.3809,44.7,54.6,19.1
218,SIU Edwardsville,OVC,33,22,101.3,105.7,0.3796,48.9,47.5,17.1
219,Valparaiso,MVC,34,15,105.1,109.8,0.3789,47.7,53.7,14
220,Wright St.,Horz,33,15,108.5,113.3,0.3785,56.3,53.2,17.8
221,William & Mary,CAA,32,17,106.4,111.2,0.3761,53.7,53.5,18.1
222,Central Michigan,MAC,31,14,104.7,109.4,0.3754,49.8,53.1,17.6
223,Campbell,CAA,32,15,101.2,105.9,0.3724,50,52.4,15.8
224,Richmond,A10,32,10,103.5,108.4,0.372,48.4,52.7,15.4
225,Northwestern St.,Slnd,32,16,102,107,0.3667,48.7,49.8,20.2
226,UNC Asheville,BSth,32,21,107.1,112.3,0.3666,52,53.4,14.8
227,Hofstra,CAA,33,15,97.8,102.5,0.3662,48.9,45.9,17.6
228,Elon,CAA,32,17,106,111.3,0.3627,50.2,48.1,19
229,UMKC,Sum,33,13,100.5,105.5,0.3624,48.4,51.2,18.6
230,Longwood,BSth,32,18,105,110.3,0.3608,51.3,55.9,18
231,Hawaii,BW,31,15,102.1,107.4,0.3606,50.6,49.5,20.7
232,Tennessee St.,OVC,33,17,102.9,108.2,0.3602,51.3,48.8,21.1
233,Vermont,AE,33,21,99.5,104.7,0.3577,49,48.8,17.3
234,Maine,AE,34,20,99,104.2,0.3572,51.6,50.4,15.5
235,Delaware,CAA,36,16,108.9,114.6,0.3563,55.1,52.2,16.6
236,UT Rio Grande Valley,Slnd,31,16,104.5,110,0.3561,51.7,51.4,19.2
237,South Dakota,Sum,33,19,108.4,114.2,0.3522,50.1,54.8,12.6
238,Harvard,Ivy,27,12,102,107.8,0.3451,50.6,52.2,18
239,UT Arlington,WAC,31,13,106.4,112.5,0.3443,51.7,50.4,19.2
240,Tulsa,Amer,33,13,101.9,107.9,0.3415,49.5,49.7,16.9
241,North Dakota,Sum,33,12,107.9,114.4,0.3388,49.7,56.5,16.6
242,Iona,MAAC,34,17,99.4,105.4,0.3361,47.5,51.7,20.9
243,American,Pat,34,22,101.2,107.4,0.3354,51.8,52.1,16.8
244,UC Davis,BW,32,15,97.4,103.4,0.3352,46.3,50,19.7
245,Incarnate Word,Slnd,33,17,105.2,111.8,0.3314,51.1,52,18.1
246,Georgia St.,SB,33,14,107.2,113.9,0.3304,50.4,51,16.9
247,Northern Arizona,BSky,33,18,103.7,110.2,0.3302,50.3,53.3,15.4
248,Sacred Heart,MAAC,33,15,105,111.8,0.3274,51,51.8,17.7
249,Georgia Southern,SB,33,17,102.9,109.6,0.3274,50.6,50.1,19
250,Northern Kentucky,Horz,33,17,102.6,109.4,0.3217,49.8,52.5,17.3
251,Portland,WCC,32,12,106.3,113.5,0.3211,50.1,54.6,18
252,Idaho,BSky,33,14,107.9,115.2,0.3207,51.8,54,17.9
253,Toledo,MAC,33,18,110.8,118.5,0.3156,50.5,56.4,13.7
254,Little Rock,OVC,33,19,98,104.9,0.3146,49.5,46.7,20.4
255,Cal St. Bakersfield,BW,33,14,105.3,112.8,0.3129,48.2,54.3,18.8
256,Presbyterian,BSth,32,14,103.1,110.5,0.3113,51.2,52.5,16.3
257,Jackson St.,SWAC,34,16,100.3,107.6,0.3081,47.7,50.6,19.5
258,Fresno St.,MWC,32,6,100.8,108.2,0.3057,46.1,54,17.7
259,Manhattan,MAAC,30,17,107.2,115.1,0.3048,50.7,50.5,17
260,Monmouth,CAA,33,13,103.8,111.7,0.3012,47.2,50.7,16.2
261,Evansville,MVC,32,11,98.1,105.6,0.2992,48.8,50.2,17.7
262,Charlotte,Amer,33,11,104.2,112.2,0.2985,48.3,54.2,15.1
263,Mount St. Mary's,MAAC,34,22,99.4,107.5,0.2903,51,48,21.7
264,UMass Lowell,AE,32,17,107,115.7,0.2901,54.6,51.6,18.1
265,North Florida,ASun,32,15,108,116.8,0.2882,53.2,54.1,15
266,FIU,CUSA,33,10,96.1,103.9,0.2879,46.1,51.6,19.5
267,Houston Christian,Slnd,32,12,100.4,108.6,0.2875,49.1,52.6,18
268,Gardner Webb,BSth,31,11,102.3,110.7,0.2867,51.9,52,20.8
269,Denver,Sum,32,11,99.9,108.4,0.2825,50.3,54.3,18.5
270,Siena,MAAC,32,14,102,110.6,0.2823,49.4,51.7,17.2
271,Eastern Michigan,MAC,32,16,104.3,113.2,0.2791,52.4,53.7,18.7
272,Colgate,Pat,33,14,104,113.1,0.277,54.2,53.3,16.7
273,Ball St.,MAC,31,14,103.4,112.5,0.2762,51.3,51.6,16.4
274,Alabama St.,SWAC,34,19,100.5,109.6,0.2698,47.1,50.3,13.2
275,Bowling Green,MAC,32,14,99.4,108.6,0.2656,49.9,52.6,17.5
276,Albany,AE,33,17,103,112.5,0.2656,49.3,54.9,15.7
277,Mercer,SC,33,14,98.2,107.4,0.2643,48.9,50.8,16.6
278,Eastern Washington,BSky,32,10,101.8,111.3,0.2635,50.9,54.4,18.7
279,Pacific,WCC,33,9,100.7,110.2,0.2616,48.1,53.2,19.3
280,LIU,NEC,33,17,94.8,103.9,0.2581,47.7,48,20.1
281,Western Michigan,MAC,32,12,101.8,111.7,0.2555,47,54.5,15.8
282,Texas Southern,SWAC,32,15,95.4,104.9,0.253,47.5,47.4,19.8
283,Austin Peay,ASun,33,14,102,112.2,0.2505,48.7,53.8,14.8
284,Marist,MAAC,30,20,96.5,106.2,0.2491,49.9,46.9,18.4
285,Tarleton St.,WAC,32,12,93.2,102.7,0.2483,45.9,52.1,25.1
286,Stephen F. Austin,Slnd,31,14,95.4,105.1,0.2462,46.7,49.2,22.2
287,Navy,Pat,34,15,101,111.5,0.2431,48,52.5,16.1
288,Tennessee Martin,OVC,33,14,102,112.6,0.2428,47.6,52.3,19.5
289,Air Force,MWC,32,4,98.7,109.3,0.2375,50.1,54.6,20.8
290,Tennessee Tech,OVC,32,15,101.1,111.9,0.237,50.7,49.6,17.4
291,Weber St.,BSky,34,12,100.9,111.8,0.235,50.2,53.4,16.9
292,San Diego,WCC,33,6,100.1,111,0.2333,45.7,54,18.4
293,Old Dominion,SB,35,15,99.4,110.6,0.2266,44.1,51.2,16.9
294,Lafayette,Pat,33,13,97.6,108.7,0.2263,50.2,50.4,16.6
295,Saint Peter's,MAAC,28,12,94.8,105.5,0.226,44.7,47.3,20.7
296,Bethune Cookman,SWAC,33,17,97.3,108.5,0.223,48.2,48.8,19.5
297,Oral Roberts,Sum,30,7,103.8,115.7,0.222,50,55,16.3
298,Utah Tech,WAC,33,7,101.7,113.7,0.2185,48.8,53,18.3
299,Columbia,Ivy,27,12,104.2,116.5,0.2172,52.6,56.4,15.4
300,Lehigh,Pat,30,11,99.5,111.3,0.2161,51.1,50.7,15.6
301,Saint Francis,NEC,33,16,99.9,112,0.2114,51.6,51.3,19.6
302,Howard,MEAC,32,12,103.1,115.7,0.21,53.5,52.3,21.2
303,Penn,Ivy,27,8,103.1,115.7,0.209,49.4,53,16.4
304,Fairleigh Dickinson,NEC,33,13,97.7,109.7,0.2073,49.1,50.5,17.1
305,Louisiana,SB,33,12,97.4,109.7,0.2042,45.7,51.3,16
306,Southern Miss,SB,33,11,96.4,108.6,0.2021,47.9,50.2,19.5
307,Rider,MAAC,33,14,101.8,114.8,0.2013,47.7,53.1,17.2
308,Charleston Southern,BSth,32,10,99,111.6,0.2007,48.7,53.4,19.9
309,Long Beach St.,BW,32,7,100.7,113.6,0.2,49.2,53.4,21.7
310,Loyola MD,Pat,31,12,99.7,112.7,0.1972,50.1,52.8,17.7
311,VMI,SC,34,15,98.4,111.3,0.1947,48.5,54.2,18
312,Army,Pat,31,16,100.1,113.4,0.1935,49.7,53.7,14.7
313,Delaware St.,MEAC,30,16,100.9,114.3,0.1923,48.8,53.8,18.1
314,IU Indy,Horz,32,10,109,123.5,0.1921,50.4,57,15.7
315,Eastern Illinois,OVC,31,12,93.3,105.8,0.1912,44.1,51,18.7
316,Binghamton,AE,32,15,98.8,112.1,0.1891,51.6,49.7,19.6
317,Boston University,Pat,32,16,98.1,111.4,0.189,50.2,52.4,20.6
318,UMBC,AE,32,13,104.8,119,0.1873,55.2,54.1,15.9
319,Lindenwood,OVC,33,16,94.5,107.6,0.1826,45,50.7,17.9
320,North Carolina Central,MEAC,33,14,102.4,116.7,0.1823,50.1,54.8,19.2
321,Morehead St.,OVC,32,15,98,111.7,0.1818,45.9,50.3,18.4
322,Alcorn St.,SWAC,32,11,97.3,110.9,0.1816,46.1,53,19.6
323,Grambling St.,SWAC,34,12,95.3,108.6,0.1816,47.3,49.3,19.2
324,Coastal Carolina,SB,32,10,100.8,115,0.1789,49.4,48.6,18.4
325,Southern Utah,WAC,31,12,95.8,109.4,0.1787,46.8,49.9,21.6
326,Florida A&M,SWAC,31,14,101.9,116.4,0.178,50.6,51.4,20.7
327,Niagara,MAAC,31,11,100.6,115.3,0.1724,52,53,18.6
328,Stonehill,NEC,32,15,99.9,115,0.166,51.1,50.9,18.3
329,Holy Cross,Pat,32,13,100.7,115.8,0.1657,53.1,53.5,17.9
330,Green Bay,Horz,32,4,100.4,115.8,0.1624,50.9,54.8,18
331,Stony Brook,CAA,32,8,101.6,117.3,0.1607,47.7,56,18.3
332,Texas A&M Commerce,Slnd,31,5,96.2,111.2,0.1583,49.2,53.8,22.5
333,Mercyhurst,NEC,31,15,100,115.8,0.1558,48.6,55,16.4
334,USC Upstate,BSth,32,6,99.1,114.9,0.1541,49.8,56.1,19
335,Fairfield,MAAC,32,12,97.3,113.3,0.1481,46.3,53.7,15.5
336,Southern Indiana,OVC,30,10,98.6,114.8,0.1481,47.9,51.8,17.2
337,Morgan St.,MEAC,32,14,100.4,117,0.1479,49,52.4,17.9
338,Bellarmine,ASun,31,5,103.5,120.5,0.1472,53.7,58.1,17.4
339,North Carolina A&T,CAA,32,7,96.4,112.6,0.1442,45.8,51.5,15.4
340,Wagner,NEC,30,14,93.1,109.1,0.139,43.7,50.4,19.4
341,Western Carolina,SC,30,8,95.4,112.4,0.1324,45.4,51.1,19
342,Western Illinois,OVC,31,12,99.1,116.8,0.132,50.1,51.1,18.2
343,West Georgia,ASun,31,6,97.1,114.5,0.1309,47.2,56.1,16.3
344,Louisiana Monroe,SB,32,7,96.5,114.5,0.1228,45,53.6,17.1
345,Buffalo,MAC,31,9,95.4,113.2,0.1227,48.8,54.2,19.5
346,Detroit Mercy,Horz,32,8,94.6,112.3,0.1216,45.6,51.2,19.1
347,Le Moyne,NEC,32,9,102.7,122.2,0.1189,51.5,54.7,19.6
348,Sacramento St.,BSky,32,7,95.4,113.6,0.1187,48,55.1,20.3
349,Northern Illinois,MAC,31,6,94,112.1,0.1168,47.1,53.2,16.3
350,New Orleans,Slnd,31,4,98.8,117.9,0.1161,45.9,54.9,18.8
351,Central Arkansas,ASun,33,9,97.4,116.6,0.1122,47.4,56.8,18.2
352,Stetson,ASun,32,8,99.2,119,0.1092,50.2,53.1,18.7
353,NJIT,AE,31,6,94,113.5,0.1024,45.3,50,18
354,Cal St. Fullerton,BW,32,6,92.1,111.7,0.0973,44.2,54.3,21.3
355,Canisius,MAAC,31,3,99.1,121.1,0.0912,51.2,56.9,18.5
356,New Hampshire,AE,32,8,93.8,115.1,0.0873,47.1,54.4,19
357,Prairie View A&M,SWAC,32,5,95.9,117.7,0.0867,48.2,56.2,16.7
358,Alabama A&M,SWAC,32,10,92.8,114.9,0.0793,45.1,54.3,21.9
359,Maryland Eastern Shore,MEAC,31,6,94.8,118.8,0.0699,45.7,55.3,19.7
360,The Citadel,SC,30,5,93.6,117.5,0.0687,46.9,54.5,19.5
361,Chicago St.,NEC,32,4,92.5,116.1,0.0682,44.4,54.9,18.5
362,Coppin St.,MEAC,30,6,87.8,112.4,0.055,44,55.6,21.6
363,Arkansas Pine Bluff,SWAC,31,6,95,121.7,0.0549,50.3,56.3,20.4
364,Mississippi Valley St.,SWAC,31,3,82.9,125.2,0.0086,42.1,57.9,24.3